INSERT INTO pays (pays_id,nom,code) VALUES (1,'France','fr'),(2,'Espagne','es'),(3,'Italie','it');

INSERT INTO region (region_id,nom,pays_pays_id) VALUES (1,'Nouvelle-Aquitaine',1),(2,'Auvergne-Rhône-Alpes',1), (3,'Occitanie',1), (4,'Aragón',2), (5,'Navarra',2), (6, 'Piemonte', 3);

INSERT INTO spot (spot_id,nom,description,acces,orientation,image,longitude,latitude,tag_ami_escalade,region_region_id) VALUES (1,'Menai Bridge','a odio semper cursus. Integer','non, sollicitudin a, malesuada id, erat. Etiam','Sud-Est','calanques-envau-breche-castelvieil.jpg','-8.87864','-81.31584','false',2),(2,'Lancaster','viverra. Donec tempus, lorem fringilla ornare placerat, orci','nunc. Quisque','Nord','calanques-envau-breche-castelvieil.jpg','-1.315796','43.024949','true',4),(3,'Phoenix','lacinia orci, consectetuer euismod est arcu ac orci. Ut semper pretium neque. Morbi quis urna. Nunc quis arcu vel quam dignissim pharetra. Nam ac nulla. In tincidunt congue','non, luctus sit','Sud-Est','calanques-envau-breche-castelvieil.jpg','-166.54919','8.10928','false',4),(4,'Kamarhati','et arcu imperdiet ullamcorper. Duis at lacus.','sit amet ornare lectus justo eu arcu. Morbi sit amet','Nord-Est','calanques-envau-breche-castelvieil.jpg','23.73269','-11.77581','true',1),(5,'Saint Louis','amet orci. Ut sagittis lobortis mauris. Suspendisse','nascetur ridiculus mus. Proin vel arcu','Sud','calanques-envau-breche-castelvieil.jpg','-161.67453','18.30217','false',1),(6,'Wangaratta','vulputate ullamcorper magna. Sed eu eros. Nam consequat dolor vitae dolor. Donec fringilla. Donec feugiat metus sit amet ante. Vivamus','Aenean eget','Nord-Est','calanques-envau-breche-castelvieil.jpg','-133.16419','77.3001','true',3),(7,'Newark','odio, auctor vitae, aliquet nec, imperdiet nec, leo. Morbi neque tellus, imperdiet non, vestibulum nec, euismod in, dolor. Fusce feugiat. Lorem ipsum dolor sit amet, consectetuer adipiscing elit. Aliquam auctor, velit eget laoreet posuere,','nascetur ridiculus mus. Aenean eget magna. Suspendisse tristique','Nord','calanques-envau-breche-castelvieil.jpg','-31.18625','71.03382','true',4),(8,'Eernegem','ullamcorper viverra. Maecenas iaculis aliquet diam. Sed diam lorem, auctor quis, tristique ac, eleifend vitae, erat. Vivamus nisi. Mauris nulla. Integer urna. Vivamus molestie dapibus ligula. Aliquam erat volutpat. Nulla dignissim. Maecenas ornare egestas ligula. Nullam feugiat placerat velit. Quisque varius.','eu sem. Pellentesque ut ipsum ac mi eleifend egestas.','Nord-Est','calanques-envau-breche-castelvieil.jpg','-68.03802','84.67851','true',6),(9,'Tranent','urna. Ut tincidunt vehicula risus. Nulla eget metus eu erat semper rutrum. Fusce dolor quam, elementum at, egestas a, scelerisque sed, sapien. Nunc pulvinar arcu et pede. Nunc sed orci lobortis augue scelerisque','non leo. Vivamus nibh dolor, nonummy ac,','Sud','calanques-envau-breche-castelvieil.jpg','26.11115','-2.48574','false',6),(10,'Gellik','quam, elementum at, egestas a, scelerisque sed, sapien. Nunc pulvinar arcu et pede. Nunc sed orci lobortis','ac, fermentum vel, mauris. Integer sem','Sud-Est','calanques-envau-breche-castelvieil.jpg','-139.03796','-73.93669','false',2);
INSERT INTO spot (spot_id,nom,description,acces,orientation,image,longitude,latitude,tag_ami_escalade,region_region_id) VALUES (11,'Agra','vel est tempor bibendum. Donec felis orci, adipiscing non, luctus sit amet, faucibus ut, nulla. Cras eu tellus eu augue porttitor interdum. Sed auctor odio a purus. Duis elementum, dui quis accumsan convallis, ante lectus convallis est, vitae','diam nunc, ullamcorper eu, euismod ac,','Nord','calanques-envau-breche-castelvieil.jpg','-143.15474','-65.87993','false',6),(12,'Hay River','convallis est, vitae sodales nisi magna sed dui. Fusce aliquam, enim nec tempus scelerisque, lorem ipsum sodales purus, in molestie tortor nibh sit amet orci. Ut sagittis lobortis mauris.','nisi. Aenean eget metus. In nec','Nord-Est','calanques-envau-breche-castelvieil.jpg','-32.93059','-84.21643','true',3),(13,'Inuvik','mollis dui, in sodales elit erat vitae risus. Duis a mi fringilla mi lacinia mattis. Integer eu lacus. Quisque imperdiet, erat nonummy ultricies ornare, elit elit fermentum risus, at fringilla purus mauris a nunc. In at pede. Cras vulputate velit eu sem. Pellentesque ut ipsum ac mi eleifend egestas. Sed','tortor, dictum eu, placerat eget, venenatis a, magna. Lorem','Sud-Est','calanques-envau-breche-castelvieil.jpg','88.46243','-47.67064','false',3),(14,'Comeglians','Maecenas libero est, congue a, aliquet vel, vulputate','vulputate, risus a ultricies adipiscing,','Sud-Est','calanques-envau-breche-castelvieil.jpg','75.39432','-57.99416','true',4),(15,'Heredia','sollicitudin orci','at, libero. Morbi accumsan','Sud-Ouest','calanques-envau-breche-castelvieil.jpg','11.20261','-87.33218','false',3),(16,'Roermond','consequat nec, mollis vitae, posuere at, velit. Cras lorem lorem, luctus ut, pellentesque eget, dictum placerat, augue. Sed molestie. Sed id risus quis diam luctus lobortis. Class aptent taciti sociosqu ad litora torquent per conubia nostra, per inceptos hymenaeos. Mauris ut quam vel sapien imperdiet ornare. In faucibus. Morbi vehicula.','Mauris magna. Duis dignissim tempor arcu.','Nord-Est','calanques-envau-breche-castelvieil.jpg','-105.34694','34.7293','true',6),(17,'Norfolk County','metus. In lorem. Donec elementum, lorem ut aliquam iaculis, lacus pede sagittis augue, eu tempor erat neque non quam. Pellentesque habitant morbi tristique senectus et netus et malesuada fames ac turpis egestas. Aliquam fringilla cursus purus. Nullam scelerisque neque sed','vel est tempor bibendum.','Sud-Ouest','calanques-envau-breche-castelvieil.jpg','-43.87484','20.46592','false',1),(18,'Charlottetown','id, ante. Nunc mauris sapien, cursus in, hendrerit consectetuer, cursus et, magna. Praesent interdum ligula eu enim. Etiam imperdiet','Etiam imperdiet dictum magna. Ut tincidunt orci quis lectus.','Est','calanques-envau-breche-castelvieil.jpg','58.6958','-53.85608','false',2),(19,'Glenrothes','tellus lorem eu metus. In lorem. Donec elementum, lorem ut aliquam iaculis, lacus pede sagittis augue, eu tempor erat neque non quam. Pellentesque habitant morbi tristique senectus et netus et malesuada fames ac turpis egestas. Aliquam fringilla cursus purus. Nullam scelerisque neque sed sem egestas blandit. Nam nulla magna,','Curae; Donec tincidunt. Donec vitae','Sud-Ouest','calanques-envau-breche-castelvieil.jpg','110.05117','-21.03901','true',3),(20,'Sromness','a feugiat tellus lorem eu metus. In lorem. Donec elementum, lorem ut aliquam iaculis, lacus pede sagittis augue, eu tempor erat neque non quam. Pellentesque habitant morbi tristique senectus et netus et malesuada fames ac turpis egestas. Aliquam fringilla cursus purus. Nullam scelerisque neque sed sem egestas blandit. Nam','ante. Vivamus non','Nord-Ouest','calanques-envau-breche-castelvieil.jpg','-136.94103','79.68028','true',5);

INSERT INTO secteur (secteur_id,nom,description,spot_spot_id) VALUES (1,'Castiglione a Casauria','non enim commodo',1),(2,'Lompret','Integer eu',2),(3,'Bath','erat. Sed nunc est, mollis non,',3),(4,'Calvera','purus. Nullam',4),(5,'Anzio','sagittis lobortis mauris. Suspendisse aliquet molestie',5),(6,'Itzehoe','dictum eu, eleifend nec,',6),(7,'Panketal','eu eros. Nam consequat dolor vitae dolor. Donec fringilla. Donec',7),(8,'Hamme','Donec est. Nunc ullamcorper, velit',8),(9,'Bonlez','penatibus et magnis dis parturient montes,',9),(10,'Rhisnes','ligula elit, pretium et, rutrum non, hendrerit id,',10);
INSERT INTO secteur (secteur_id,nom,description,spot_spot_id) VALUES (11,'Rouyn-Noranda','interdum feugiat. Sed nec metus facilisis lorem tristique aliquet.',11),(12,'San Nicolás','Nunc laoreet lectus quis massa. Mauris vestibulum, neque sed dictum',12),(13,'Norman','malesuada fames ac turpis egestas. Aliquam fringilla cursus purus. Nullam',13),(14,'San Rafael','Nam tempor diam dictum sapien.',14),(15,'Hoshiarpur','at sem molestie sodales. Mauris blandit enim consequat purus. Maecenas',15),(16,'Fulda','hendrerit consectetuer, cursus et, magna. Praesent interdum ligula eu',16),(17,'March','leo. Vivamus nibh',17),(18,'Farrukhabad-cum-Fatehgarh','erat. Sed nunc',18),(19,'Lautaro','ligula. Donec',19),(20,'Thionville','sed tortor. Integer aliquam adipiscing lacus. Ut nec',20);
INSERT INTO secteur (secteur_id,nom,description,spot_spot_id) VALUES (21,'Mignanego','nunc ac mattis ornare, lectus',2),(22,'Zeebrugge','Mauris blandit enim consequat purus. Maecenas',7),(23,'Zaltbommel','interdum. Curabitur dictum. Phasellus in felis. Nulla tempor',7),(24,'Ottawa','tempus scelerisque, lorem ipsum sodales purus, in molestie tortor nibh',5),(25,'Luzzara','Maecenas libero est, congue',15),(26,'Beawar','ultricies sem magna nec quam. Curabitur vel',9),(27,'Denver','at, egestas a, scelerisque sed, sapien.',3),(28,'Rochester','venenatis vel, faucibus',20),(29,'Montenero Val Cocchiara','molestie tellus. Aenean egestas hendrerit neque. In',13),(30,'Waarmaarde','scelerisque dui. Suspendisse',12);
INSERT INTO secteur (secteur_id,nom,description,spot_spot_id) VALUES (31,'Wanzele','in, hendrerit consectetuer, cursus et,',16),(32,'Solingen','aliquet. Proin velit. Sed malesuada augue ut lacus. Nulla',6),(33,'Wolfurt','fringilla ornare placerat, orci lacus vestibulum lorem, sit',6),(34,'Mombaruzzo','Proin ultrices. Duis',8),(35,'Lanco','accumsan sed, facilisis',19),(36,'Gravataí','aliquet',20),(37,'Châtelineau','pellentesque, tellus',2),(38,'Ipís','Aliquam ultrices iaculis odio. Nam interdum enim non nisi. Aenean',1),(39,'Joncret','consectetuer adipiscing elit.',12),(40,'Kanchipuram','nisi nibh lacinia orci, consectetuer euismod est arcu ac',16);

INSERT INTO voie (voie_id,nom,secteur_secteur_id) VALUES (1,'South Burlington',1),(2,'Wolverhampton',2),(3,'Hollabrunn',3),(4,'Tamworth',4),(5,'Vanier',5),(6,'Meeswijk',6),(7,'Bregenz',7),(8,'Laguna Blanca',8),(9,'Borghetto di Borbera',9),(10,'Gujrat',10);
INSERT INTO voie (voie_id,nom,secteur_secteur_id) VALUES (11,'Dehri',11),(12,'Guelph',12),(13,'Port Coquitlam',13),(14,'Richmond',14),(15,'Giove',15),(16,'Spiere-Helkijn',16),(17,'Deschambault',17),(18,'Beuzet',18),(19,'Hualañé',19),(20,'Gateshead',20);
INSERT INTO voie (voie_id,nom,secteur_secteur_id) VALUES (21,'Tilburg',21),(22,'Smithers',22),(23,'Port Alice',23),(24,'Cardiff',24),(25,'Greater Sudbury',25),(26,'Ludvika',26),(27,'Los Vilos',27),(28,'Helkijn',28),(29,'Aix-en-Provence',29),(30,'Oswestry',30);
INSERT INTO voie (voie_id,nom,secteur_secteur_id) VALUES (31,'Pondicherry',31),(32,'Bahawalnagar',32),(33,'Saint-Remy-Geest',33),(34,'Chépica',34),(35,'Serik',35),(36,'Surrey',36),(37,'Cumberland County',37),(38,'Hoyerswerda',38),(39,'Ferrere',39),(40,'Calera',40);
INSERT INTO voie (voie_id,nom,secteur_secteur_id) VALUES (41,'Luziânia',8),(42,'Rae Lakes',12),(43,'Villa Cortese',32),(44,'San Pedro',20),(45,'Lebach',25),(46,'Salzburg',12),(47,'Llaillay',15),(48,'Fosses-la-Ville',37),(49,'Grasse',12),(50,'Roosbeek',37);
INSERT INTO voie (voie_id,nom,secteur_secteur_id) VALUES (51,'Rimbey',25),(52,'Coleville Lake',12),(53,'Reutlingen',22),(54,'Belém',28),(55,'Lanaken',35),(56,'Fresno',24),(57,'San Fernando',2),(58,'Montreuil',7),(59,'Merrickville-Wolford',9),(60,'Fusignano',36);
INSERT INTO voie (voie_id,nom,secteur_secteur_id) VALUES (61,'Bathurst',30),(62,'Truro',37),(63,'East Gwillimbury',32),(64,'Novo Hamburgo',7),(65,'Maubeuge',27),(66,'Rockford',27),(67,'Çaldıran',22),(68,'Torella del Sannio',22),(69,'Villers-Poterie',23),(70,'Cleveland',35);
INSERT INTO voie (voie_id,nom,secteur_secteur_id) VALUES (71,'Montignies-Saint-Christophe',19),(72,'Pont-Saint-Martin',31),(73,'Cirencester',24),(74,'Dresden',6),(75,'Sirsa',7),(76,'Marbais',15),(77,'Liberchies',29),(78,'Braunschweig',7),(79,'Jamshedpur',34),(80,'Fauglia',28);

INSERT INTO longueur (longueur_id,voie_voie_id,nom,hauteur,cotation,id_relai_debut,id_relai_fin,degaine) VALUES (1,1,'eget mollis lectus','20.11','5c',0,NULL,2),(2,2,'sapien molestie orci','20.28','5a',0,1,3),(3,3,'Suspendisse ac','20.06','8c',0,NULL,3),(4,4,'nunc sed libero.','20.18','5c',0,NULL,3),(5,5,'Integer sem elit,','19.77','7b',0,NULL,3),(6,6,'varius. Nam','21.08','8c',0,NULL,3),(7,7,'sit','20.28','6c',0,NULL,4),(8,8,'erat semper','20.22','6b',0,NULL,1),(9,9,'eleifend non,','19.73','9c',0,NULL,1),(10,10,'pellentesque eget, dictum','21.08','9b',0,NULL,5);
INSERT INTO longueur (longueur_id,voie_voie_id,nom,hauteur,cotation,id_relai_debut,id_relai_fin,degaine) VALUES (11,11,'Integer','19.5','9a',0,NULL,3),(12,12,'neque sed','21.95','7c',0,NULL,1),(13,13,'non, dapibus','19.35','8b',0,NULL,5),(14,14,'eu','19.27','5c',0,NULL,4),(15,15,'at lacus.','18.93','3',0,NULL,1),(16,16,'justo eu arcu.','19.27','8c',0,NULL,2),(17,17,'ornare','21.15','8c',0,NULL,3),(18,18,'a,','20.93','8a',0,NULL,1),(19,19,'arcu. Sed et','19.58','6c',0,NULL,2),(20,20,'pede sagittis augue,','19.34','6b',0,NULL,4);
INSERT INTO longueur (longueur_id,voie_voie_id,nom,hauteur,cotation,id_relai_debut,id_relai_fin,degaine) VALUES (21,21,'lorem, sit amet','20.84','6a',0,NULL,3),(22,22,'fermentum fermentum arcu.','18.35','7a',0,NULL,1),(23,23,'Cum','18.94','8c',0,NULL,3),(24,24,'sit amet lorem','17.33','7c',0,NULL,1),(25,25,'ipsum','18.32','8a',0,NULL,1),(26,26,'odio','21.7','6c',0,NULL,4),(27,27,'dictum placerat, augue.','19.45','8a',0,NULL,0),(28,28,'sem,','20.53','3',0,NULL,3),(29,29,'rutrum urna, nec','20.02','6a',0,NULL,5),(30,30,'elit. Curabitur','19.07','9a',0,NULL,2);
INSERT INTO longueur (longueur_id,voie_voie_id,nom,hauteur,cotation,id_relai_debut,id_relai_fin,degaine) VALUES (31,31,'non dui','20.82','5b',0,NULL,1),(32,32,'consectetuer ipsum','18.13','9c',0,NULL,5),(33,33,'magna','19.38','7a',0,NULL,5),(34,34,'ornare. In','22.28','8b',0,NULL,1),(35,35,'Phasellus at','20.24','4',0,NULL,3),(36,36,'euismod urna. Nullam','16.66','9c',0,NULL,1),(37,37,'et','20.85','3',0,NULL,5),(38,38,'sed, facilisis vitae,','20.1','4',0,NULL,3),(39,39,'ultrices','20.02','7a',0,NULL,1),(40,40,'faucibus','21.91','9a',0,NULL,1);
INSERT INTO longueur (longueur_id,voie_voie_id,nom,hauteur,cotation,id_relai_debut,id_relai_fin,degaine) VALUES (41,41,'erat neque','19.24','6a',0,NULL,4),(42,42,'dui, in sodales','21','8b',0,1,3),(43,43,'dictum','20.7','5c',0,NULL,1),(44,44,'vitae risus.','19.62','7c',0,NULL,1),(45,45,'diam at','19.62','5a',0,NULL,3),(46,46,'Cras pellentesque.','20.98','5a',0,NULL,1),(47,47,'Quisque','20.99','3',0,NULL,2),(48,48,'neque. Nullam','20.35','8a',0,NULL,1),(49,49,'ligula.','20.32','3',0,NULL,2),(50,50,'egestas. Aliquam fringilla','19.39','6b',0,NULL,1);
INSERT INTO longueur (longueur_id,voie_voie_id,nom,hauteur,cotation,id_relai_debut,id_relai_fin,degaine) VALUES (51,51,'sapien, cursus','19.72','8c',0,NULL,4),(52,52,'et malesuada fames','20.59','8c',0,NULL,1),(53,53,'penatibus et magnis','18.32','8b',0,NULL,5),(54,54,'sem ut dolor','18.28','5c',0,NULL,1),(55,55,'sed libero.','19','7b',0,NULL,3),(56,56,'malesuada malesuada. Integer','20.73','5b',0,NULL,0),(57,57,'Etiam vestibulum massa','22.25','8a',0,NULL,4),(58,58,'lacus. Mauris','21.01','8b',0,NULL,4),(59,59,'arcu.','16.6','9a',0,NULL,2),(60,60,'lobortis quis,','21.29','6b',0,NULL,1);
INSERT INTO longueur (longueur_id,voie_voie_id,nom,hauteur,cotation,id_relai_debut,id_relai_fin,degaine) VALUES (61,61,'elit. Etiam laoreet,','18.27','6b',0,NULL,1),(62,62,'torquent per conubia','21.35','3',0,1,2),(63,63,'fringilla,','21.4','6a',0,NULL,4),(64,64,'luctus felis','19.64','3',0,NULL,1),(65,65,'vestibulum lorem,','19.09','6a',0,NULL,0),(66,66,'non, cursus non,','22.14','6b',0,NULL,4),(67,67,'facilisis,','18.26','3',0,NULL,2),(68,68,'Sed','19.08','5a',0,NULL,1),(69,69,'pulvinar arcu et','18.91','6a',0,NULL,4),(70,70,'Proin','21.04','8a',0,NULL,4);
INSERT INTO longueur (longueur_id,voie_voie_id,nom,hauteur,cotation,id_relai_debut,id_relai_fin,degaine) VALUES (71,71,'et magnis dis','21.22','5b',0,NULL,2),(72,72,'vitae semper egestas,','18.97','5a',0,NULL,1),(73,73,'ligula eu enim.','18.88','7b',0,NULL,2),(74,74,'urna. Nunc quis','19.96','6c',0,NULL,1),(75,75,'facilisis lorem tristique','19.31','3',0,NULL,5),(76,76,'faucibus orci','19.34','4',0,NULL,4),(77,77,'bibendum fermentum metus.','20.69','8b',0,NULL,5),(78,78,'non','22.05','5c',0,NULL,2),(79,79,'sit amet,','21.74','5b',0,NULL,3),(80,80,'malesuada id, erat.','20','9b',0,NULL,2);
INSERT INTO longueur (longueur_id,voie_voie_id,nom,hauteur,cotation,id_relai_debut,id_relai_fin,degaine) VALUES (81,2,'a, arcu. Sed','16.6','6a',1,2,2),(82,2,'fringilla.','15.95','9a',2,NULL,1),(83,62,'ullamcorper, nisl arcu','11.8','6b',1,NULL,0),(84,42,'ligula elit,','15.65','6b',1,NULL,0);


