INSERT INTO spot (spot_id,nom,description,image,longitude,latitude,tag_ami_escalade) VALUES (1,'Moignelee','Aliquam nec enim. Nunc ut erat. Sed nunc est, mollis non, cursus non, egestas a, dui. Cras pellentesque. Sed dictum. Proin eget odio. Aliquam vulputate ullamcorper magna. Sed eu eros. Nam consequat dolor vitae dolor. Donec fringilla. Donec feugiat metus sit amet ante. Vivamus non lorem vitae odio sagittis semper. Nam tempor diam dictum sapien. Aenean massa. Integer vitae nibh. Donec est mauris, rhoncus id, mollis nec, cursus a, enim. Suspendisse aliquet, sem ut cursus luctus, ipsum leo elementum sem, vitae aliquam eros turpis non enim. Mauris quis turpis vitae purus','fringilla','-65.32194','-22.23351','true'),(2,'Sale','Duis risus odio, auctor vitae, aliquet nec, imperdiet nec, leo. Morbi neque tellus, imperdiet','Duis','-54.14968','72.85431','false'),(3,'Máfil','lobortis ultrices. Vivamus rhoncus. Donec est. Nunc ullamcorper, velit in aliquet lobortis, nisi nibh lacinia orci, consectetuer euismod est arcu ac orci. Ut semper pretium neque. Morbi quis urna. Nunc quis arcu vel quam dignissim pharetra. Nam ac nulla. In tincidunt congue turpis. In condimentum. Donec at arcu. Vestibulum ante ipsum primis in faucibus orci luctus et ultrices posuere cubilia Curae; Donec tincidunt. Donec vitae erat vel pede blandit congue. In scelerisque scelerisque dui. Suspendisse ac metus vitae','dui.','-60.39188','-75.61579','true'),(4,'Anderlues','Donec vitae erat vel pede blandit congue. In scelerisque scelerisque dui. Suspendisse ac metus vitae velit egestas lacinia. Sed congue, elit','aliquet','-24.41604','23.75536','true'),(5,'Ollagüe','aliquet. Proin velit. Sed malesuada augue ut lacus. Nulla tincidunt, neque vitae semper egestas, urna justo faucibus lectus, a sollicitudin orci sem eget massa. Suspendisse eleifend. Cras sed leo. Cras vehicula aliquet libero. Integer in magna. Phasellus dolor elit, pellentesque a, facilisis non, bibendum sed, est. Nunc laoreet lectus quis massa. Mauris vestibulum, neque sed dictum eleifend, nunc risus varius orci, in consequat enim diam vel arcu. Curabitur ut odio vel est tempor bibendum. Donec felis orci, adipiscing non,','risus.','123.03097','-40.89459','false'),(6,'New Orleans','sapien imperdiet ornare. In faucibus. Morbi vehicula. Pellentesque tincidunt tempus risus. Donec egestas. Duis ac arcu. Nunc mauris. Morbi non sapien','luctus','176.20859','47.9223','false'),(7,'Ranst','Donec nibh. Quisque nonummy ipsum non arcu. Vivamus sit amet risus. Donec egestas. Aliquam nec enim. Nunc ut erat. Sed nunc est, mollis non, cursus non, egestas a, dui. Cras pellentesque. Sed dictum. Proin eget odio. Aliquam vulputate ullamcorper magna. Sed eu eros. Nam consequat dolor vitae dolor. Donec fringilla. Donec feugiat metus sit amet ante. Vivamus non lorem vitae odio sagittis semper. Nam tempor diam dictum sapien. Aenean massa. Integer vitae nibh. Donec est mauris, rhoncus id, mollis nec, cursus a, enim. Suspendisse aliquet, sem ut cursus luctus, ipsum leo elementum sem, vitae aliquam eros','natoque','165.57446','36.36666','false'),(8,'Notre-Dame-de-la-Salette','ipsum primis in faucibus orci luctus et ultrices posuere cubilia Curae; Donec tincidunt. Donec vitae erat vel pede blandit congue. In scelerisque scelerisque dui. Suspendisse ac metus vitae velit egestas lacinia. Sed congue, elit sed consequat auctor, nunc nulla vulputate dui, nec tempus mauris erat eget ipsum. Suspendisse sagittis. Nullam','magna.','117.60517','-55.06508','false'),(9,'Shawinigan','egestas hendrerit neque. In ornare sagittis felis. Donec tempor, est ac mattis semper, dui lectus rutrum urna, nec luctus felis purus ac tellus.','eu','130.0717','33.79325','true'),(10,'Birmingham','amet massa. Quisque porttitor eros nec tellus. Nunc lectus pede, ultrices a, auctor non, feugiat nec, diam. Duis mi enim, condimentum eget, volutpat ornare, facilisis eget, ipsum. Donec sollicitudin adipiscing ligula. Aenean gravida nunc sed pede. Cum sociis natoque penatibus et magnis dis parturient montes, nascetur ridiculus mus. Proin vel arcu eu odio tristique pharetra. Quisque ac libero nec ligula consectetuer rhoncus. Nullam','mi.','37.94491','19.27209','true');
INSERT INTO spot (spot_id,nom,description,image,longitude,latitude,tag_ami_escalade) VALUES (11,'Champion','arcu vel quam dignissim pharetra. Nam ac nulla. In tincidunt congue turpis. In condimentum. Donec at arcu. Vestibulum ante ipsum primis in faucibus orci luctus et ultrices posuere cubilia Curae; Donec tincidunt. Donec vitae erat vel pede blandit congue. In scelerisque scelerisque dui. Suspendisse ac metus vitae velit egestas lacinia. Sed congue, elit sed consequat auctor, nunc nulla vulputate dui, nec tempus mauris erat eget ipsum. Suspendisse sagittis. Nullam vitae diam. Proin dolor. Nulla semper tellus id nunc interdum feugiat. Sed nec metus facilisis lorem tristique aliquet. Phasellus fermentum convallis ligula. Donec luctus aliquet odio. Etiam ligula','Suspendisse','32.25819','85.06035','true'),(12,'Chapecó','urna et arcu imperdiet ullamcorper. Duis at lacus. Quisque purus sapien, gravida non,','nunc','178.36976','-46.3913','false'),(13,'Ajax','nulla at sem molestie sodales. Mauris blandit enim consequat purus. Maecenas libero est, congue a, aliquet vel, vulputate eu, odio. Phasellus at augue id ante dictum cursus. Nunc mauris elit, dictum eu, eleifend nec, malesuada ut, sem. Nulla interdum. Curabitur dictum. Phasellus in felis. Nulla tempor augue ac ipsum. Phasellus vitae mauris sit amet lorem semper auctor. Mauris vel turpis. Aliquam adipiscing lobortis risus. In mi pede, nonummy ut, molestie in, tempus eu, ligula. Aenean euismod mauris','porttitor','-97.07065','80.86591','false'),(14,'Montefalcone nel Sannio','ipsum nunc id enim. Curabitur massa. Vestibulum accumsan neque et nunc. Quisque ornare tortor at risus. Nunc ac sem ut dolor dapibus gravida. Aliquam tincidunt, nunc ac mattis ornare, lectus ante dictum mi, ac mattis velit justo nec ante. Maecenas mi felis, adipiscing fringilla, porttitor vulputate, posuere vulputate, lacus. Cras interdum. Nunc sollicitudin commodo ipsum. Suspendisse','nisl','59.48147','22.72287','true'),(15,'Niel-bij-As','neque vitae semper egestas, urna justo faucibus lectus, a sollicitudin orci','Quisque','146.46458','-61.16744','true'),(16,'Oostkerke','metus. In nec orci. Donec nibh. Quisque nonummy ipsum non arcu. Vivamus sit amet risus. Donec egestas. Aliquam nec enim. Nunc ut erat. Sed nunc est, mollis non, cursus non, egestas a, dui. Cras pellentesque. Sed dictum. Proin eget odio. Aliquam vulputate ullamcorper magna. Sed eu eros. Nam consequat dolor vitae dolor. Donec fringilla. Donec feugiat metus sit amet ante. Vivamus','eu,','-64.27726','-38.68171','true'),(17,'Kelso','Proin velit. Sed malesuada augue ut lacus. Nulla tincidunt, neque vitae semper egestas, urna justo faucibus lectus, a sollicitudin orci sem eget massa. Suspendisse eleifend. Cras sed leo. Cras vehicula aliquet libero. Integer in magna. Phasellus dolor elit, pellentesque a, facilisis non, bibendum sed, est. Nunc laoreet lectus quis massa. Mauris vestibulum, neque sed dictum eleifend, nunc risus varius orci, in consequat enim diam vel arcu. Curabitur ut odio vel est tempor bibendum. Donec felis orci, adipiscing','lorem,','-35.30038','84.79926','false'),(18,'Campos dos Goytacazes','aliquet odio. Etiam ligula tortor, dictum eu, placerat eget, venenatis a, magna. Lorem ipsum dolor sit amet, consectetuer adipiscing elit. Etiam laoreet,','Duis','-163.6703','-34.13543','false'),(19,'Blind River','nulla. In tincidunt congue turpis. In condimentum. Donec at arcu. Vestibulum ante ipsum primis in faucibus orci luctus et ultrices posuere cubilia','lobortis.','5.08171','-11.14766','true'),(20,'Ñuñoa','et ultrices posuere cubilia Curae; Donec tincidunt. Donec vitae erat vel pede blandit congue. In scelerisque scelerisque dui. Suspendisse ac metus vitae velit egestas lacinia. Sed congue, elit sed consequat auctor, nunc nulla vulputate dui, nec tempus mauris erat eget ipsum. Suspendisse sagittis. Nullam vitae diam. Proin dolor. Nulla semper tellus id nunc interdum feugiat. Sed nec metus facilisis lorem tristique aliquet. Phasellus fermentum convallis ligula. Donec luctus aliquet odio. Etiam ligula tortor, dictum eu, placerat eget, venenatis a, magna. Lorem ipsum dolor sit amet, consectetuer adipiscing elit. Etiam laoreet,','enim,','8.19076','-22.79494','true');

INSERT INTO secteur (secteur_id,nom,spot_spot_id) VALUES (1,'Banbury',1),(2,'Bhiwani',2),(3,'Khanewal',3),(4,'Jodoigne',4),(5,'Wangaratta',5),(6,'Giove',6),(7,'Mission',7),(8,'Halisahar',8),(9,'Olsztyn',9),(10,'Stamford',10);
INSERT INTO secteur (secteur_id,nom,spot_spot_id) VALUES (11,'Frasnes-lez-Gosselies',11),(12,'Cartagena',12),(13,'Huesca',13),(14,'Vizianagaram',14),(15,'Tavigny',15),(16,'Carnoustie',16),(17,'BertrŽe',17),(18,'Morpeth',18),(19,'Abergele',19),(20,'Verdun',20);
INSERT INTO secteur (secteur_id,nom,spot_spot_id) VALUES (21,'Florenville',14),(22,'Kakinada',10),(23,'Knoxville',2),(24,'Lions Bay',12),(25,'Borno',12),(26,'Mira Bhayandar',14),(27,'Uluberia',16),(28,'Tiegem',17),(29,'Swan Hills',2),(30,'Porretta Terme',6);
INSERT INTO secteur (secteur_id,nom,spot_spot_id) VALUES (31,'Roosendaal',3),(32,'Bad Vöslau',14),(33,'Namur',9),(34,'Dörtyol',11),(35,'Nanaimo',19),(36,'Forchies-la-Marche',13),(37,'Curepto',10),(38,'Wardin',10),(39,'Forges',1),(40,'Sperlinga',14);

INSERT INTO voie (voie_id,nom,secteur_secteur_id) VALUES (1,'Jonquire',1),(2,'Riksingen',2),(3,'Sauvenire',3),(4,'Mogliano',4),(5,'Brandon',5),(6,'Rocky Mountain House',6),(7,'LamontzŽe',7),(8,'Merseburg',8),(9,'Oud-Turnhout',9),(10,'Tumbler Ridge',10);
INSERT INTO voie (voie_id,nom,secteur_secteur_id) VALUES (11,'Habra',11),(12,'Rocca d''Arazzo',12),(13,'Independence',13),(14,'Tay',14),(15,'LaSalle',15),(16,'Ergani',16),(17,'Montes Claros',17),(18,'Baarle-Hertog',18),(19,'Fremantle',19),(20,'Cowdenbeath',20);
INSERT INTO voie (voie_id,nom,secteur_secteur_id) VALUES (21,'Charny',21),(22,'Colledimacine',22),(23,'Griesheim',23),(24,'Jönköping',24),(25,'Campitello di Fassa',25),(26,'Juazeiro',26),(27,'Upper Hutt',27),(28,'100 Mile House',28),(29,'Pumanque',29),(30,'Fleurus',30);
INSERT INTO voie (voie_id,nom,secteur_secteur_id) VALUES (31,'Slough',31),(32,'Friedrichsdorf',32),(33,'Rio de Janeiro',33),(34,'Venlo',34),(35,'Offenbach am Main',35),(36,'Nadiad',36),(37,'Port Hope',37),(38,'Derby',38),(39,'San Piero Patti',39),(40,'Eigenbrakel',40);
INSERT INTO voie (voie_id,nom,secteur_secteur_id) VALUES (41,'Hamme',29),(42,'Callander',32),(43,'Robelmont',19),(44,'Kaaskerke',13),(45,'Aiseau',16),(46,'Papasidero',20),(47,'Aisén',27),(48,'Chieti',29),(49,'Velden am Wörther See',40),(50,'Staßfurt',29);
INSERT INTO voie (voie_id,nom,secteur_secteur_id) VALUES (51,'Püttlingen',2),(52,'Waarloos',8),(53,'Markkleeberg',35),(54,'Termoli',22),(55,'Springdale',23),(56,'Port Lincoln',11),(57,'Roosbeek',17),(58,'Goiânia',32),(59,'Klagenfurt',11),(60,'Thalassery',3);
INSERT INTO voie (voie_id,nom,secteur_secteur_id) VALUES (61,'Teno',28),(62,'Bal‰tre',16),(63,'Filey',28),(64,'Red Deer',14),(65,'Papasidero',14),(66,'Pepingen',18),(67,'Poppel',23),(68,'Jonesboro',34),(69,'El Carmen',1),(70,'Tübingen',34);
